aX,aY,aZ,gX,gY,gZ
0.539,0.792,1.814,60.120,-24.231,10.559
0.500,0.856,1.972,62.012,-33.752,9.094
0.343,0.987,2.071,59.753,-44.861,11.047
0.083,1.139,2.048,49.988,-47.546,22.217
-0.223,1.308,1.959,42.236,-38.391,34.912
-0.498,1.427,1.820,42.358,-20.691,45.532
-0.723,1.443,1.653,50.171,2.014,51.086
-0.867,1.294,1.482,62.866,24.414,48.340
-0.922,1.017,1.290,71.716,38.330,31.555
-0.954,0.643,1.038,68.787,39.307,2.502
-0.956,0.135,0.700,48.706,20.630,-34.424
-0.858,-0.449,0.305,27.588,-13.672,-89.355
-0.605,-1.199,-0.038,22.827,-53.162,-145.691
-0.333,-1.917,-0.225,35.889,-87.341,-177.429
-0.158,-2.297,-0.227,63.171,-93.750,-174.255
-0.096,-2.445,-0.154,91.187,-53.955,-143.738
0.034,-2.547,-0.098,111.816,12.756,-111.816
0.216,-2.667,-0.076,113.525,53.406,-98.511
0.429,-2.774,-0.027,95.215,38.147,-106.384
0.733,-2.906,0.121,76.599,-2.808,-120.972
1.009,-2.954,0.279,61.157,-19.531,-113.770
1.115,-2.734,0.328,43.457,5.798,-70.496
0.960,-2.267,0.189,20.508,51.453,-9.583
0.601,-1.697,-0.016,-0.244,76.050,38.635
0.221,-1.191,-0.120,-11.108,59.143,56.885
-0.075,-0.845,-0.074,-15.991,15.503,48.645
-0.279,-0.630,0.049,-16.235,-19.470,33.875
-0.417,-0.514,0.173,-11.414,-27.039,28.381
-0.520,-0.437,0.252,-4.456,-14.038,31.372
-0.558,-0.424,0.302,3.540,1.404,31.494
-0.510,-0.481,0.349,8.972,6.592,24.414
-0.411,-0.573,0.396,9.644,-1.770,11.414
-0.291,-0.687,0.463,9.338,-13.062,-1.648
-0.185,-0.809,0.544,9.521,-19.836,-7.263
-0.116,-0.903,0.633,9.583,-20.569,-6.531
-0.076,-0.978,0.728,9.583,-17.822,-2.869
-0.072,-1.010,0.805,7.202,-16.113,1.282
-0.066,-1.021,0.827,2.380,-14.709,3.967
-0.019,-1.020,0.834,-0.671,-10.193,5.676
0.024,-0.997,0.860,-2.625,-4.822,9.827
0.044,-0.944,0.861,-7.263,0.488,15.381
0.042,-0.884,0.846,-11.841,5.005,18.311
0.027,-0.838,0.836,-14.954,5.371,18.982
0.006,-0.780,0.851,-17.456,0.366,15.686
-0.023,-0.689,0.897,-19.958,-6.775,10.376
-0.071,-0.650,0.935,-24.597,-12.817,8.545
-0.125,-0.605,0.976,-28.137,-13.367,10.071
-0.146,-0.530,0.995,-30.029,-6.470,11.108
-0.129,-0.502,0.984,-31.189,3.967,11.108
-0.104,-0.522,0.969,-29.968,13.245,11.597
-0.083,-0.550,0.962,-26.733,19.348,11.719
0.018,-0.571,0.953,-23.560,22.034,9.094
0.065,-0.575,0.951,-24.353,20.813,5.737
0.094,-0.555,0.958,-25.269,16.968,6.104
0.088,-0.538,0.974,-26.489,13.489,8.057
0.054,-0.534,0.985,-27.466,13.733,11.292
0.027,-0.543,0.985,-27.649,18.738,15.015
0.031,-0.542,0.972,-28.015,25.085,17.212
0.041,-0.498,0.957,-31.006,25.208,16.724
0.052,-0.370,0.947,-35.522,18.433,12.939
0.056,-0.250,0.930,-39.856,9.583,7.751
0.054,-0.172,0.910,-41.260,3.357,4.639
0.051,-0.155,0.899,-38.452,2.075,4.211
0.047,-0.179,0.897,-32.227,4.944,5.798
0.042,-0.226,0.905,-24.231,11.047,7.812
0.047,-0.288,0.916,-17.273,17.578,8.484
0.066,-0.349,0.917,-13.184,20.569,7.751
0.077,-0.398,0.906,-11.536,19.836,5.371
0.094,-0.440,0.894,-11.353,15.869,2.991
0.106,-0.458,0.888,-11.658,10.315,1.709
0.113,-0.456,0.883,-12.695,5.615,1.648
0.107,-0.449,0.880,-13.428,2.502,2.930
0.092,-0.431,0.883,-13.855,0.244,4.761
0.070,-0.413,0.878,-13.672,-1.099,6.287
0.043,-0.400,0.880,-12.695,-1.465,6.470
0.031,-0.390,0.890,-9.827,-0.061,5.127
0.030,-0.392,0.899,-7.507,3.174,4.089
0.019,-0.405,0.898,-6.409,5.798,4.517
0.010,-0.423,0.901,-5.737,7.080,4.700
0.020,-0.437,0.909,-5.432,7.568,3.540
0.041,-0.446,0.910,-7.019,6.165,2.319
0.047,-0.435,0.907,-9.949,2.869,2.808
0.043,-0.418,0.902,-11.780,0.488,3.357
0.048,-0.408,0.891,-11.414,0.061,3.235
0.051,-0.398,0.887,-9.277,0.427,3.174
0.041,-0.395,0.900,-5.432,1.221,4.150
0.030,-0.394,0.907,-2.502,3.479,5.127
0.030,-0.395,0.907,-0.366,5.798,5.371
0.023,-0.392,0.911,1.221,6.897,5.371
0.022,-0.383,0.913,1.526,7.263,4.211
0.035,-0.372,0.902,0.488,6.775,1.160
0.057,-0.373,0.891,-1.099,3.967,-2.502
0.083,-0.381,0.888,-2.258,-0.427,-4.639
0.093,-0.398,0.900,-3.540,-4.211,-5.066
0.091,-0.410,0.910,-4.456,-6.104,-3.723
0.081,-0.412,0.915,-4.395,-5.188,-0.916
0.069,-0.411,0.919,-2.625,-2.014,2.441
0.055,-0.410,0.916,0.122,2.136,5.310
0.050,-0.404,0.908,3.235,5.188,6.287
0.048,-0.407,0.904,5.798,6.592,5.981
0.053,-0.419,0.904,7.141,5.676,4.639
0.058,-0.433,0.903,6.104,2.808,1.953
0.064,-0.445,0.901,3.235,-1.587,-1.587
0.070,-0.457,0.891,0.366,-5.127,-4.333
0.073,-0.469,0.884,-0.671,-6.775,-5.249
0.065,-0.485,0.885,0.244,-6.409,-4.639
0.065,-0.496,0.892,2.686,-3.662,-3.113
0.067,-0.497,0.890,4.761,-0.732,-1.404
0.071,-0.495,0.887,5.981,0.366,-0.671
0.081,-0.503,0.885,6.470,-0.122,-1.099
0.089,-0.512,0.887,6.348,-1.587,-1.587
0.084,-0.518,0.900,5.798,-2.686,-1.343
0.070,-0.524,0.914,5.188,-2.808,0.122
0.058,-0.521,0.914,3.906,-1.282,1.648
0.047,-0.512,0.908,3.174,0.610,2.563
0.039,-0.503,0.903,2.869,0.977,2.686
0.040,-0.497,0.894,1.709,0.427,1.831
0.043,-0.488,0.883,0.671,-0.610,0.427
0.050,-0.481,0.872,0.305,-1.831,-0.732

0.311,0.591,2.173,45.166,-0.488,10.803
0.306,0.859,2.369,39.673,-9.521,9.094
0.191,1.071,2.430,28.564,-13.000,11.536
-0.009,1.244,2.358,16.724,-10.437,13.428
-0.243,1.306,2.195,6.592,-3.906,12.146
-0.506,1.255,1.976,-5.493,-0.244,6.836
-0.797,1.110,1.646,-20.813,-2.991,-5.798
-1.018,0.838,1.220,-29.480,-5.310,-29.175
-1.085,0.360,0.801,-21.606,-8.301,-63.538
-0.994,-0.287,0.462,-1.770,-17.334,-106.323
-0.777,-1.024,0.133,15.686,-29.114,-149.048
-0.469,-1.757,-0.188,28.503,-32.227,-177.002
-0.109,-2.403,-0.422,47.974,-21.667,-184.021
0.246,-2.865,-0.568,69.824,2.563,-171.814
0.595,-3.107,-0.626,86.670,35.156,-149.292
0.945,-3.191,-0.572,96.558,59.937,-124.817
1.133,-3.112,-0.445,92.529,62.683,-96.375
1.162,-2.857,-0.279,77.087,50.293,-63.232
1.030,-2.463,-0.169,52.002,32.227,-27.893
0.705,-1.971,-0.104,21.851,6.531,4.822
0.284,-1.443,-0.038,-1.892,-19.714,29.724
-0.102,-0.981,0.033,-14.404,-34.912,44.006
-0.409,-0.634,0.093,-18.921,-37.231,50.476
-0.621,-0.406,0.153,-16.846,-31.677,50.964
-0.750,-0.259,0.219,-10.010,-22.888,47.058
-0.802,-0.192,0.304,-1.038,-13.062,39.978
-0.781,-0.206,0.391,7.690,-3.967,30.212
-0.690,-0.284,0.484,14.160,1.892,18.311
-0.567,-0.386,0.577,17.090,2.747,6.470
-0.422,-0.506,0.664,17.456,0.732,-4.028
-0.293,-0.627,0.745,16.968,-2.747,-11.414
-0.190,-0.753,0.836,17.822,-4.089,-15.381
-0.081,-0.880,0.919,18.860,-2.319,-15.991
0.009,-0.969,0.960,16.846,-0.610,-13.916
0.080,-1.013,0.966,12.390,-0.549,-9.277
0.131,-1.046,0.955,8.118,-1.282,-4.333
0.170,-1.058,0.932,2.930,-2.258,0.671
0.190,-1.051,0.889,-2.380,-2.991,5.310
0.183,-1.055,0.850,-5.981,-4.150,8.850
0.157,-1.070,0.845,-6.592,-4.944,12.329
0.143,-1.060,0.863,-6.226,-2.380,14.893
0.150,-1.032,0.861,-7.874,1.099,16.541
0.156,-1.026,0.855,-10.437,1.221,18.250
0.135,-1.004,0.857,-14.282,-3.845,20.386
0.104,-0.974,0.861,-18.188,-11.536,20.508
0.080,-0.947,0.875,-21.423,-19.165,19.287
0.034,-0.895,0.897,-24.353,-23.437,20.996
-0.024,-0.820,0.905,-27.344,-22.583,24.475
-0.071,-0.748,0.897,-28.931,-16.479,26.855
-0.079,-0.680,0.870,-28.748,-7.629,26.184
-0.056,-0.626,0.847,-26.794,-0.549,23.193
-0.036,-0.578,0.833,-24.658,3.235,20.569
-0.015,-0.562,0.845,-24.109,3.723,19.531
-0.015,-0.561,0.850,-26.489,2.991,20.569
-0.026,-0.546,0.823,-29.846,3.296,20.630
-0.021,-0.505,0.792,-30.823,4.089,18.433
-0.024,-0.443,0.783,-28.625,4.639,16.785
-0.026,-0.359,0.790,-24.475,6.592,15.198
-0.013,-0.313,0.796,-19.897,9.888,12.207
-0.007,-0.301,0.802,-16.296,10.559,8.484
-0.003,-0.300,0.804,-13.184,9.644,4.456
0.026,-0.308,0.802,-10.559,10.193,0.305
0.075,-0.337,0.798,-8.484,11.536,-1.587
0.091,-0.370,0.795,-7.751,11.536,1.099
0.071,-0.384,0.794,-7.202,10.986,5.615
0.080,-0.391,0.790,-6.409,11.780,6.836
0.099,-0.396,0.784,-6.226,10.986,5.432
0.099,-0.422,0.792,-6.775,6.042,4.333
0.083,-0.448,0.820,-7.690,0.122,3.357
0.067,-0.454,0.845,-8.972,-2.808,2.441
0.061,-0.451,0.856,-10.376,-2.869,1.892
0.056,-0.433,0.856,-11.414,-1.404,1.831
0.051,-0.413,0.847,-11.169,0.732,2.563
0.041,-0.411,0.831,-10.315,2.319,2.991
0.043,-0.416,0.831,-7.996,3.357,2.258
0.063,-0.431,0.843,-6.042,3.906,1.587
0.069,-0.448,0.857,-5.737,3.479,2.502
0.056,-0.448,0.866,-6.836,2.625,4.578
0.045,-0.455,0.865,-7.996,3.540,6.470
0.027,-0.467,0.861,-7.996,5.371,7.507
0.016,-0.475,0.862,-6.531,7.019,7.446
0.026,-0.470,0.858,-5.005,8.484,6.104
0.037,-0.471,0.850,-3.906,9.277,4.822
0.054,-0.480,0.848,-3.052,8.301,3.784
0.062,-0.485,0.854,-2.197,7.141,3.296
0.063,-0.495,0.865,-1.526,7.874,3.357
0.071,-0.496,0.870,-0.977,10.071,3.845
0.077,-0.491,0.871,-0.427,11.841,5.310
0.070,-0.487,0.871,-1.038,11.108,7.446
0.057,-0.478,0.879,-1.587,8.606,8.240
0.053,-0.467,0.887,-1.587,6.287,7.812
0.052,-0.467,0.891,-0.854,4.944,7.507
0.045,-0.474,0.902,0.549,5.249,7.996
0.043,-0.474,0.908,1.892,6.775,7.751
0.047,-0.475,0.914,2.258,8.301,6.470
0.050,-0.473,0.918,1.099,8.301,5.066
0.042,-0.462,0.917,-0.061,7.324,3.662
0.045,-0.458,0.916,-0.122,6.897,2.258
0.053,-0.467,0.923,0.916,6.958,1.709
0.064,-0.474,0.931,1.770,7.629,2.869
0.068,-0.475,0.939,2.136,8.606,5.249
0.059,-0.473,0.936,1.953,9.766,8.118
0.051,-0.471,0.927,1.831,10.498,9.644
0.045,-0.470,0.927,2.075,9.766,8.850
0.043,-0.474,0.931,2.258,8.484,6.836
0.048,-0.482,0.924,1.648,7.996,4.822
0.061,-0.492,0.916,0.732,7.568,2.991
0.075,-0.500,0.907,-0.244,5.798,1.282
0.086,-0.508,0.899,-1.221,4.150,-0.183
0.099,-0.512,0.894,-1.831,3.052,-0.610
0.109,-0.518,0.895,-1.404,3.540,0.000
0.108,-0.516,0.891,-0.732,5.127,1.953
0.105,-0.510,0.880,0.183,7.263,3.845
0.099,-0.502,0.870,1.282,8.728,4.517
0.098,-0.495,0.858,1.709,8.179,3.235
0.103,-0.496,0.852,1.465,5.127,0.427
0.106,-0.501,0.856,1.099,1.587,-1.892
0.102,-0.509,0.862,0.610,-0.244,-2.502
0.094,-0.519,0.869,0.549,-0.122,-2.075

0.294,0.827,2.149,44.373,-19.836,14.099
0.317,0.954,2.166,36.499,-18.066,7.263
0.246,0.901,2.093,29.175,-19.348,0.854
0.062,0.793,1.979,22.888,-24.780,-3.357
-0.217,0.628,1.807,14.282,-32.349,-7.996
-0.524,0.423,1.585,5.920,-43.091,-19.653
-0.768,0.103,1.323,0.549,-52.734,-41.809
-0.905,-0.357,1.071,4.700,-58.899,-69.336
-0.963,-0.967,0.843,15.320,-56.396,-94.849
-0.902,-1.619,0.517,22.095,-38.879,-115.601
-0.676,-2.155,0.062,23.010,-12.634,-133.789
-0.276,-2.502,-0.422,27.222,17.822,-145.935
0.234,-2.654,-0.682,45.532,48.767,-146.301
0.675,-2.687,-0.703,66.040,75.256,-128.296
0.908,-2.625,-0.629,72.449,90.820,-91.248
0.938,-2.456,-0.483,68.237,95.520,-51.758
0.889,-2.241,-0.311,56.824,89.111,-20.020
0.732,-1.951,-0.161,35.034,60.181,0.427
0.492,-1.578,-0.045,7.019,12.451,9.094
0.217,-1.208,0.044,-16.418,-28.992,12.695
-0.076,-0.893,0.142,-28.625,-48.767,19.714
-0.351,-0.661,0.247,-30.457,-49.072,28.870
-0.545,-0.494,0.346,-26.611,-40.649,32.288
-0.649,-0.389,0.427,-21.545,-30.579,27.710
-0.670,-0.338,0.497,-15.625,-20.264,19.348
-0.643,-0.321,0.534,-10.620,-10.559,11.719
-0.573,-0.350,0.561,-6.042,-2.441,4.517
-0.470,-0.391,0.578,-2.441,0.183,-4.700
-0.348,-0.450,0.587,0.427,-3.845,-15.381
-0.230,-0.538,0.634,5.676,-9.888,-22.827
-0.158,-0.636,0.711,11.658,-12.573,-23.193
-0.103,-0.736,0.782,16.235,-10.071,-20.142
-0.053,-0.812,0.824,18.616,-6.042,-15.198
-0.004,-0.884,0.839,17.822,-3.113,-9.888
0.051,-0.947,0.824,14.954,-0.366,-5.859
0.097,-0.989,0.796,10.986,0.427,-1.648
0.119,-1.007,0.756,6.348,-0.977,3.723
0.104,-1.010,0.720,1.099,-4.883,8.667
0.083,-1.018,0.692,-2.991,-11.353,10.010
0.069,-1.035,0.695,-6.592,-21.484,7.751
0.034,-1.041,0.724,-9.521,-31.921,6.287
-0.008,-1.036,0.757,-12.573,-36.621,7.141
-0.062,-1.016,0.784,-15.808,-34.729,10.986
-0.135,-0.958,0.790,-18.738,-26.978,17.761
-0.185,-0.872,0.773,-20.264,-15.137,22.644
-0.191,-0.774,0.734,-19.897,-4.517,22.827
-0.171,-0.694,0.694,-18.066,2.380,19.409
-0.142,-0.653,0.668,-15.808,3.418,13.550
-0.076,-0.664,0.678,-13.855,0.061,4.639
-0.016,-0.672,0.710,-13.367,-4.822,-2.319
-0.002,-0.669,0.743,-15.503,-8.179,-2.014
-0.003,-0.652,0.774,-16.296,-7.202,1.526
-0.009,-0.620,0.801,-16.174,-3.418,6.226
-0.036,-0.592,0.825,-15.869,1.343,12.024
-0.074,-0.579,0.853,-15.259,6.104,17.029
-0.088,-0.544,0.871,-13.550,12.695,17.700
-0.043,-0.512,0.864,-13.000,18.982,14.587
-0.002,-0.477,0.840,-14.282,19.592,12.390
0.007,-0.451,0.823,-14.343,16.785,11.902
0.013,-0.456,0.814,-12.024,15.198,10.986
0.033,-0.477,0.821,-8.606,16.052,8.423
0.052,-0.498,0.826,-6.714,16.052,5.737
0.053,-0.515,0.830,-7.324,12.817,4.944
0.045,-0.499,0.845,-9.216,8.118,5.005
0.029,-0.480,0.864,-10.803,4.639,5.981
-0.008,-0.474,0.874,-11.780,4.456,8.240
-0.034,-0.457,0.883,-10.498,7.690,9.399
-0.021,-0.436,0.881,-9.216,13.245,8.240
0.004,-0.433,0.862,-9.155,17.578,6.592
0.022,-0.441,0.833,-9.644,18.982,5.493
0.049,-0.444,0.816,-8.301,20.142,3.601
0.091,-0.460,0.796,-6.836,21.484,1.587
0.113,-0.495,0.773,-5.676,20.264,0.671
0.125,-0.523,0.770,-3.479,16.113,0.366
0.124,-0.551,0.790,-2.441,10.437,-0.977
0.137,-0.579,0.805,-5.127,3.784,-3.052
0.125,-0.577,0.819,-8.301,-3.296,-4.578
0.090,-0.573,0.843,-9.521,-6.958,-4.639
0.067,-0.554,0.863,-8.240,-6.042,-3.174
0.058,-0.526,0.879,-5.310,-1.465,-0.183
0.042,-0.503,0.889,-2.502,3.601,4.211
0.022,-0.496,0.889,-0.732,6.653,8.545
0.006,-0.490,0.882,0.244,8.484,10.254
0.002,-0.494,0.873,0.916,9.460,8.728
0.005,-0.501,0.864,1.160,9.460,5.310
0.010,-0.516,0.849,1.099,8.179,1.892
0.024,-0.528,0.849,1.099,5.615,-1.465
0.042,-0.541,0.855,0.366,2.991,-4.028
0.062,-0.544,0.857,-1.282,1.648,-4.456
0.069,-0.536,0.857,-2.930,0.793,-2.808
0.071,-0.527,0.862,-4.395,0.916,-0.977
0.066,-0.532,0.863,-5.737,1.892,0.671
0.050,-0.533,0.859,-6.104,3.113,2.319
0.034,-0.530,0.861,-5.188,3.357,4.028
0.019,-0.529,0.870,-2.991,4.028,5.127
0.010,-0.516,0.873,-0.793,5.737,5.859
0.010,-0.501,0.870,0.977,6.714,5.798
0.013,-0.496,0.875,2.136,5.920,4.395
0.014,-0.496,0.878,1.648,3.723,2.319
0.021,-0.502,0.876,-0.854,0.916,-0.183
0.019,-0.507,0.881,-3.540,-1.709,-2.075
0.019,-0.510,0.879,-5.737,-1.160,-3.052
0.029,-0.513,0.863,-6.653,2.319,-2.930
0.031,-0.515,0.852,-6.165,4.211,-1.831
0.032,-0.515,0.856,-4.578,4.639,-0.183
0.036,-0.521,0.858,-3.296,5.371,1.282
0.040,-0.517,0.852,-2.258,7.019,2.686
0.049,-0.510,0.844,-0.366,9.277,4.211
0.057,-0.505,0.845,1.892,10.742,5.493
0.057,-0.498,0.845,2.930,10.986,6.531
0.053,-0.495,0.845,3.479,10.010,7.080
0.053,-0.493,0.849,3.601,8.545,6.470
0.047,-0.497,0.862,2.563,6.104,5.127
0.050,-0.505,0.869,0.305,3.723,3.845
0.054,-0.503,0.869,-1.465,2.869,2.136
0.059,-0.501,0.865,-2.747,2.441,1.526
0.060,-0.504,0.858,-2.991,2.441,1.770
0.059,-0.510,0.854,-2.625,2.563,2.808
0.060,-0.513,0.861,-1.587,2.991,3.540

0.647,0.565,1.633,48.279,-39.490,3.113
0.596,0.682,1.766,53.162,-48.035,4.639
0.423,0.828,1.898,58.044,-55.786,10.193
0.158,1.008,1.999,62.073,-55.725,20.813
-0.131,1.157,2.004,62.439,-48.645,27.039
-0.431,1.215,1.918,56.519,-45.410,22.583
-0.735,1.109,1.789,49.561,-50.964,7.996
-0.987,0.802,1.614,44.983,-55.786,-13.123
-1.109,0.329,1.399,42.847,-53.894,-40.466
-1.157,-0.259,1.127,42.053,-47.974,-75.012
-1.134,-0.963,0.755,37.231,-42.114,-109.375
-0.996,-1.622,0.377,33.508,-34.241,-142.639
-0.692,-2.174,-0.009,32.898,-16.479,-165.527
-0.318,-2.564,-0.355,40.466,13.000,-165.405
0.125,-2.733,-0.615,55.176,52.124,-148.376
0.562,-2.757,-0.754,73.303,91.675,-122.864
0.832,-2.727,-0.748,85.449,116.760,-88.013
0.910,-2.621,-0.662,84.961,118.713,-52.612
0.876,-2.411,-0.539,71.594,101.563,-26.733
0.746,-2.117,-0.418,49.438,69.397,-7.935
0.555,-1.803,-0.299,26.123,31.128,5.310
0.288,-1.458,-0.175,5.066,-6.409,16.052
-0.007,-1.139,-0.052,-10.010,-32.776,26.917
-0.277,-0.881,0.063,-16.724,-43.030,36.560
-0.493,-0.695,0.184,-16.357,-44.250,42.297
-0.640,-0.585,0.305,-11.108,-40.161,42.908
-0.701,-0.532,0.394,-6.042,-31.677,38.574
-0.683,-0.531,0.458,0.488,-20.020,32.776
-0.619,-0.559,0.514,7.263,-9.460,26.733
-0.545,-0.611,0.577,11.047,-4.150,19.836
-0.470,-0.682,0.640,11.841,-3.479,11.658
-0.379,-0.782,0.700,10.376,-6.470,2.441
-0.280,-0.895,0.756,8.057,-11.414,-5.127
-0.194,-0.995,0.800,4.883,-15.625,-9.155
-0.146,-1.074,0.829,0.549,-15.503,-8.057
-0.119,-1.134,0.840,-2.075,-10.559,-3.235
-0.111,-1.152,0.834,-4.456,-4.517,2.991
-0.097,-1.138,0.798,-7.690,3.052,8.911
-0.071,-1.096,0.730,-11.536,11.108,13.428
-0.020,-1.029,0.670,-13.611,16.846,16.663
0.022,-0.959,0.640,-15.442,17.822,18.860
0.022,-0.907,0.637,-18.494,13.123,20.447
0.001,-0.884,0.650,-22.156,4.700,19.714
-0.020,-0.882,0.677,-25.024,-4.272,15.564
-0.037,-0.869,0.712,-26.306,-11.597,9.155
-0.035,-0.857,0.754,-26.794,-15.503,4.639
-0.050,-0.850,0.783,-27.710,-14.771,5.737
-0.065,-0.811,0.805,-27.039,-8.850,10.986
-0.054,-0.744,0.807,-26.001,1.648,16.846
-0.034,-0.681,0.775,-25.635,12.512,21.301
-0.016,-0.630,0.745,-23.987,18.677,23.682
0.003,-0.595,0.744,-20.142,21.301,23.743
0.022,-0.568,0.772,-17.334,21.851,21.545
0.028,-0.552,0.792,-16.724,21.240,19.897
0.015,-0.549,0.790,-16.968,20.020,19.653
0.010,-0.547,0.794,-15.869,19.592,18.860
0.018,-0.537,0.807,-14.099,20.508,17.273
0.031,-0.528,0.813,-13.855,20.935,16.724
0.028,-0.485,0.820,-15.320,18.982,17.700
0.019,-0.447,0.823,-16.479,17.700,17.578
0.025,-0.428,0.813,-16.235,18.555,15.076
0.043,-0.419,0.807,-14.160,18.677,11.536
0.066,-0.425,0.811,-10.925,17.517,8.850
0.080,-0.443,0.811,-7.690,16.724,7.690
0.074,-0.484,0.810,-4.578,17.334,7.751
0.066,-0.520,0.815,-1.831,19.104,7.996
0.091,-0.543,0.823,0.061,21.423,7.751
0.111,-0.572,0.830,0.244,22.156,7.202
0.109,-0.597,0.836,-2.014,20.203,8.179
0.107,-0.587,0.838,-4.883,17.212,8.728
0.112,-0.572,0.841,-7.019,14.465,7.629
0.111,-0.562,0.838,-8.423,12.085,6.531
0.098,-0.558,0.843,-8.911,9.766,6.348
0.092,-0.561,0.838,-8.545,9.216,5.737
0.096,-0.562,0.843,-7.324,9.705,4.578
0.106,-0.550,0.843,-7.812,9.644,4.883
0.113,-0.548,0.842,-8.484,10.376,7.263
0.105,-0.542,0.838,-7.690,12.085,9.094
0.096,-0.549,0.828,-7.690,12.512,9.949
0.088,-0.567,0.816,-7.935,10.620,8.362
0.095,-0.584,0.818,-7.324,7.629,4.578
0.114,-0.607,0.818,-7.324,4.822,0.671
0.132,-0.610,0.835,-7.629,2.563,-1.587
0.142,-0.598,0.840,-8.118,2.991,-0.671
0.156,-0.568,0.834,-7.812,6.592,2.319
0.154,-0.544,0.821,-7.324,10.071,5.737
0.145,-0.543,0.812,-6.470,11.475,8.057
0.131,-0.546,0.812,-5.554,10.254,8.362
0.123,-0.544,0.814,-4.944,7.385,6.470
0.125,-0.550,0.823,-4.883,4.028,3.296
0.133,-0.546,0.830,-5.554,0.549,0.793
0.143,-0.544,0.832,-5.981,-1.221,-0.244
0.140,-0.548,0.827,-6.042,-0.732,1.160
0.131,-0.544,0.824,-4.395,1.221,3.967
0.126,-0.555,0.813,-2.502,4.700,6.714
0.131,-0.572,0.813,-0.183,7.935,8.972
0.128,-0.575,0.823,1.770,10.132,9.521
0.124,-0.571,0.822,0.793,10.254,9.338
0.123,-0.568,0.820,-1.770,8.545,8.484
0.125,-0.571,0.816,-4.456,6.104,6.775
0.140,-0.560,0.813,-7.202,2.930,4.089
0.154,-0.545,0.805,-9.644,-0.183,1.343
0.168,-0.540,0.793,-10.925,-2.319,0.122
0.166,-0.536,0.787,-10.132,-4.211,0.916
0.155,-0.528,0.796,-7.568,-4.028,3.357
0.144,-0.520,0.805,-4.211,-1.648,6.042
0.130,-0.516,0.813,-1.221,1.282,9.155
0.103,-0.525,0.815,0.610,2.991,11.658
0.085,-0.533,0.817,1.648,3.906,11.902
0.089,-0.539,0.818,2.380,3.723,9.827
0.111,-0.547,0.831,1.892,1.404,6.104
0.131,-0.564,0.843,-0.244,-2.258,3.479
0.132,-0.575,0.850,-3.418,-4.883,3.235
0.129,-0.580,0.858,-5.554,-5.432,4.089
0.118,-0.583,0.860,-7.324,-4.944,4.761
0.112,-0.574,0.861,-8.850,-4.395,4.944
0.109,-0.556,0.863,-9.644,-3.601,5.066
0.116,-0.533,0.865,-9.705,-2.441,5.920
0.121,-0.509,0.870,-9.094,-1.038,7.202

0.125,0.756,1.837,42.969,-20.386,15.076
-0.079,0.949,1.830,44.983,-10.376,20.813
-0.294,1.043,1.770,45.227,1.099,21.179
-0.468,1.020,1.665,40.649,8.301,10.132
-0.601,0.930,1.471,26.367,3.906,-14.771
-0.695,0.732,1.184,9.277,-9.216,-48.950
-0.712,0.368,0.875,0.854,-22.034,-84.534
-0.649,-0.099,0.636,7.690,-29.846,-117.310
-0.521,-0.728,0.437,21.301,-32.715,-139.893
-0.421,-1.312,0.322,35.217,-33.936,-150.024
-0.370,-1.751,0.194,41.565,-33.325,-149.292
-0.320,-2.087,0.018,46.692,-19.043,-138.550
-0.232,-2.350,-0.136,56.152,6.958,-123.169
-0.064,-2.573,-0.254,63.110,30.334,-113.403
0.179,-2.723,-0.281,62.378,34.973,-114.014
0.428,-2.786,-0.198,55.237,23.804,-115.601
0.621,-2.738,-0.100,44.312,18.005,-103.699
0.760,-2.542,-0.065,31.921,30.029,-73.792
0.773,-2.247,-0.088,20.325,52.307,-30.151
0.660,-1.915,-0.113,11.841,67.505,13.184
0.458,-1.584,-0.068,4.639,59.875,41.687
0.204,-1.277,0.055,-3.113,31.433,51.270
0.005,-1.028,0.178,-11.536,-0.916,45.898
-0.127,-0.858,0.303,-18.005,-23.193,36.743
-0.242,-0.740,0.403,-20.447,-31.067,33.386
-0.353,-0.650,0.496,-18.250,-27.100,35.828
-0.466,-0.559,0.581,-13.977,-18.494,38.269
-0.517,-0.502,0.625,-11.597,-9.766,34.851
-0.482,-0.508,0.630,-10.071,-3.967,26.489
-0.392,-0.546,0.633,-6.958,-0.244,17.517
-0.284,-0.601,0.638,-2.869,3.906,11.414
-0.181,-0.667,0.640,1.160,8.667,9.277
-0.109,-0.747,0.651,4.272,11.108,10.132
-0.071,-0.822,0.670,4.395,8.789,11.047
-0.039,-0.897,0.677,1.160,1.831,8.972
-0.002,-0.962,0.667,-3.662,-6.775,4.639
0.022,-1.003,0.667,-7.751,-13.367,2.380
0.033,-1.017,0.667,-10.864,-14.648,3.479
0.053,-1.009,0.639,-13.428,-10.803,7.202
0.067,-0.984,0.598,-15.869,-7.019,11.230
0.077,-0.931,0.570,-17.517,-6.165,13.367
0.077,-0.875,0.561,-18.311,-7.202,14.465
0.052,-0.817,0.562,-18.555,-9.949,15.747
0.012,-0.747,0.583,-16.235,-11.475,16.296
-0.011,-0.701,0.596,-13.245,-11.719,14.832
-0.025,-0.684,0.614,-10.864,-13.000,11.230
-0.048,-0.671,0.650,-8.301,-15.564,7.751
-0.073,-0.667,0.685,-5.005,-15.686,5.798
-0.081,-0.679,0.710,-2.441,-12.634,4.883
-0.059,-0.703,0.728,-1.587,-9.399,4.700
-0.028,-0.683,0.751,-1.465,-6.897,4.211
0.003,-0.659,0.751,-3.418,-4.761,5.554
0.033,-0.643,0.741,-5.005,-2.014,7.690
0.061,-0.638,0.730,-5.676,0.671,9.460
0.092,-0.656,0.728,-6.287,0.610,8.972
0.109,-0.666,0.740,-6.653,-2.930,6.836
0.116,-0.677,0.753,-7.690,-7.812,4.700
0.097,-0.677,0.754,-9.033,-11.658,4.028
0.080,-0.675,0.776,-8.972,-13.062,5.005
0.042,-0.637,0.806,-7.629,-11.475,5.859
0.015,-0.603,0.819,-7.080,-7.080,7.446
0.003,-0.580,0.816,-7.080,-2.319,8.850
-0.001,-0.563,0.808,-7.019,0.793,9.155
0.017,-0.536,0.812,-6.592,2.686,6.409
0.021,-0.527,0.802,-7.874,2.930,4.639
0.032,-0.540,0.783,-9.216,2.747,4.150
0.038,-0.535,0.770,-8.240,3.723,2.258
0.054,-0.558,0.758,-6.836,5.066,2.014
0.068,-0.585,0.762,-5.554,5.493,3.357
0.080,-0.617,0.766,-5.493,5.310,6.165
0.087,-0.622,0.789,-5.188,5.127,6.775
0.097,-0.623,0.820,-5.127,4.395,6.409
0.093,-0.621,0.833,-7.019,1.770,6.775
0.080,-0.614,0.850,-7.690,-0.366,7.935
0.072,-0.590,0.866,-7.141,-0.793,8.423
0.081,-0.564,0.873,-6.409,1.343,7.080
0.093,-0.556,0.865,-6.531,3.296,7.141
0.077,-0.554,0.851,-6.592,4.578,8.362
0.082,-0.574,0.841,-7.385,5.920,9.705
0.088,-0.582,0.830,-7.263,7.751,8.789
0.089,-0.574,0.815,-8.240,8.179,9.216
0.088,-0.553,0.809,-9.277,7.690,10.376
0.077,-0.531,0.809,-9.399,6.775,11.230
0.091,-0.520,0.826,-9.277,5.005,11.597
0.092,-0.494,0.850,-9.094,2.991,9.155
0.112,-0.471,0.867,-9.705,1.099,6.958
0.126,-0.478,0.873,-11.108,-1.465,6.042
0.113,-0.480,0.886,-11.230,-2.502,6.042
0.100,-0.483,0.888,-9.033,-0.244,7.141
0.094,-0.501,0.893,-5.798,3.784,10.132
0.077,-0.518,0.899,-1.892,8.606,12.451
0.072,-0.539,0.892,0.366,12.695,14.038
0.072,-0.553,0.888,0.427,13.367,13.916
0.074,-0.546,0.883,-1.099,11.963,12.878
0.075,-0.536,0.881,-3.296,10.254,11.108
0.087,-0.520,0.875,-6.409,7.874,8.362
0.095,-0.500,0.872,-9.705,4.211,6.104
0.087,-0.488,0.872,-12.207,1.404,4.883
0.086,-0.478,0.873,-12.817,1.221,4.211
0.085,-0.482,0.874,-12.451,2.197,4.089
0.078,-0.486,0.869,-11.353,3.235,5.310
0.062,-0.495,0.860,-9.949,4.395,6.958
0.055,-0.502,0.853,-7.263,6.348,7.812
0.069,-0.509,0.852,-3.418,9.521,8.179
0.083,-0.525,0.855,0.305,11.963,8.545
0.099,-0.539,0.859,2.258,12.817,9.033
0.108,-0.549,0.850,1.831,11.841,9.277
0.119,-0.548,0.843,1.099,9.033,8.850
0.130,-0.547,0.843,0.305,5.188,7.996
0.130,-0.544,0.844,-0.916,1.404,7.568
0.123,-0.541,0.846,-1.648,-0.977,7.874
0.114,-0.536,0.842,-1.038,-0.671,9.338
0.105,-0.527,0.835,1.221,1.343,11.108
0.098,-0.521,0.834,4.028,3.174,12.390
0.090,-0.526,0.838,5.981,4.089,13.184
0.076,-0.531,0.836,6.165,3.235,12.451
0.070,-0.531,0.833,5.249,0.488,9.399
0.074,-0.539,0.833,3.540,-3.052,5.127
0.080,-0.549,0.835,1.831,-5.981,0.671

0.808,0.300,1.876,43.030,-25.696,-5.981
0.808,0.376,2.082,41.321,-44.556,-11.230
0.678,0.470,2.251,37.231,-56.824,-10.010
0.473,0.551,2.330,30.396,-54.993,0.366
0.198,0.633,2.281,23.193,-38.513,14.893
-0.092,0.686,2.116,16.602,-16.113,23.987
-0.354,0.740,1.915,10.559,2.808,22.705
-0.572,0.723,1.646,3.357,14.832,7.690
-0.748,0.577,1.308,-5.188,16.052,-17.090
-0.859,0.274,0.933,-11.108,12.268,-49.622
-0.900,-0.207,0.560,-11.108,6.409,-85.266
-0.845,-0.811,0.221,-4.761,0.061,-117.981
-0.731,-1.417,-0.043,7.935,-1.282,-143.066
-0.588,-1.944,-0.240,20.874,7.568,-153.809
-0.391,-2.317,-0.404,31.006,27.588,-152.161
-0.151,-2.514,-0.583,36.743,55.603,-142.822
0.100,-2.608,-0.756,38.818,76.416,-127.625
0.332,-2.670,-0.863,42.053,79.346,-112.671
0.588,-2.738,-0.791,47.302,64.514,-104.187
0.828,-2.729,-0.568,46.570,37.109,-94.666
0.889,-2.600,-0.286,33.020,7.446,-72.449
0.763,-2.311,-0.043,12.207,-12.878,-36.438
0.539,-1.927,0.090,-8.606,-19.348,2.197
0.250,-1.498,0.147,-25.513,-18.799,36.377
-0.037,-1.101,0.177,-37.170,-22.522,58.350
-0.269,-0.786,0.215,-42.786,-34.424,63.477
-0.461,-0.525,0.294,-43.091,-46.387,57.800
-0.588,-0.327,0.377,-39.734,-50.049,49.561
-0.656,-0.198,0.453,-33.569,-44.678,41.321
-0.682,-0.146,0.524,-25.513,-36.926,32.166
-0.664,-0.179,0.607,-16.602,-29.724,22.095
-0.597,-0.266,0.682,-8.972,-22.095,11.841
-0.513,-0.359,0.725,-4.333,-13.733,3.418
-0.419,-0.445,0.735,-0.366,-5.310,-2.136
-0.308,-0.540,0.732,4.822,2.563,-6.042
-0.193,-0.643,0.741,8.606,6.104,-10.315
-0.100,-0.740,0.742,8.606,3.662,-13.428
-0.026,-0.825,0.742,7.263,-0.366,-14.893
0.034,-0.913,0.747,5.371,-3.601,-15.564
0.091,-0.980,0.738,2.197,-5.249,-14.526
0.133,-1.008,0.720,-0.977,-4.395,-11.292
0.157,-1.002,0.705,-3.662,-2.380,-5.066
0.160,-0.981,0.689,-6.104,-0.427,2.441
0.140,-0.947,0.675,-8.789,-1.099,9.583
0.102,-0.918,0.673,-11.108,-3.967,13.855
0.063,-0.901,0.680,-12.512,-8.057,14.893
0.025,-0.879,0.697,-12.756,-11.841,14.282
-0.004,-0.854,0.711,-12.573,-12.939,13.855
-0.040,-0.798,0.724,-12.085,-10.559,15.137
-0.067,-0.729,0.723,-11.414,-6.897,16.174
-0.074,-0.681,0.706,-11.230,-3.723,14.771
-0.059,-0.637,0.685,-10.681,-3.113,10.742
-0.039,-0.591,0.685,-9.216,-4.578,5.554
-0.019,-0.564,0.707,-7.141,-5.981,1.343
-0.006,-0.567,0.732,-5.920,-7.874,0.183
-0.019,-0.571,0.757,-5.066,-8.667,1.587
-0.047,-0.556,0.788,-4.333,-7.263,3.235
-0.057,-0.548,0.799,-3.418,-4.211,4.395
-0.065,-0.554,0.794,-1.404,0.427,3.967
-0.054,-0.544,0.794,1.526,4.822,2.502
-0.021,-0.525,0.793,3.357,9.155,0.610
0.021,-0.518,0.775,3.052,12.024,-0.610
0.060,-0.511,0.754,3.052,12.573,-2.014
0.099,-0.518,0.747,3.723,10.254,-3.601
0.110,-0.557,0.747,3.479,6.775,-4.456
0.128,-0.600,0.763,3.174,3.113,-3.906
0.124,-0.632,0.782,3.235,1.282,-3.357
0.110,-0.675,0.792,2.686,0.977,-0.427
0.092,-0.698,0.803,1.953,1.953,3.235
0.085,-0.687,0.807,0.977,3.906,6.592
0.075,-0.659,0.807,0.488,6.897,8.728
0.072,-0.631,0.811,0.122,8.362,9.827
0.059,-0.599,0.812,-1.099,7.751,10.437
0.053,-0.593,0.814,-2.075,6.409,8.972
0.056,-0.606,0.813,-2.258,5.554,6.653
0.055,-0.631,0.808,-2.258,5.432,4.944
0.069,-0.650,0.810,-1.770,6.287,4.944
0.080,-0.666,0.812,-1.282,7.446,6.042
0.078,-0.676,0.811,-1.343,8.667,7.629
0.073,-0.682,0.814,-2.502,8.484,8.789
0.068,-0.689,0.818,-4.211,6.165,8.606
0.063,-0.674,0.836,-5.310,4.517,8.240
0.049,-0.662,0.846,-6.897,3.479,8.911
0.034,-0.645,0.850,-7.874,4.517,10.193
0.028,-0.622,0.851,-7.629,7.385,10.620
0.033,-0.605,0.846,-7.080,10.925,10.376
0.037,-0.604,0.832,-7.385,13.062,9.827
0.048,-0.606,0.817,-7.263,12.939,8.301
0.069,-0.607,0.814,-6.531,12.878,5.981
0.098,-0.609,0.810,-7.141,11.780,4.395
0.108,-0.612,0.798,-8.362,9.766,4.089
0.108,-0.611,0.795,-8.789,6.714,4.211
0.112,-0.608,0.809,-7.874,4.333,4.761
0.103,-0.603,0.826,-6.897,3.601,6.165
0.077,-0.594,0.836,-6.287,3.845,8.240
0.056,-0.583,0.837,-5.615,5.737,8.850
0.048,-0.577,0.846,-4.761,6.775,8.301
0.056,-0.561,0.862,-4.211,7.751,7.629
0.079,-0.547,0.865,-4.822,9.705,6.653
0.099,-0.540,0.850,-7.141,10.010,6.531
0.101,-0.537,0.832,-9.460,8.484,7.019
0.101,-0.532,0.812,-10.071,7.690,6.714
0.107,-0.542,0.803,-8.789,7.507,5.920
0.111,-0.558,0.799,-6.653,7.263,5.737
0.113,-0.568,0.808,-4.028,6.836,6.287
0.110,-0.577,0.814,-2.502,6.592,6.897
0.117,-0.589,0.818,-1.831,6.653,7.568
0.113,-0.592,0.825,-2.197,5.676,8.545
0.104,-0.583,0.825,-3.601,5.005,8.911
0.105,-0.572,0.827,-4.395,5.005,8.545
0.105,-0.564,0.838,-4.639,5.005,7.996
0.107,-0.560,0.837,-5.554,5.432,7.507
0.109,-0.557,0.836,-6.165,6.348,7.446
0.116,-0.557,0.837,-7.202,6.531,7.263
0.118,-0.562,0.831,-8.423,5.981,7.263
0.113,-0.563,0.820,-9.033,4.883,7.324
0.105,-0.562,0.814,-8.301,4.517,7.446
0.097,-0.553,0.809,-6.531,5.432,7.690
0.093,-0.547,0.801,-4.395,6.287,7.690

0.075,0.896,1.842,44.556,-33.325,18.860
-0.149,1.094,1.845,44.861,-26.306,19.836
-0.378,1.169,1.769,47.363,-12.329,16.846
-0.568,1.177,1.634,51.086,4.395,8.484
-0.731,1.112,1.455,52.246,18.738,-4.761
-0.870,0.947,1.219,49.377,26.428,-24.353
-0.954,0.573,0.927,43.762,24.353,-53.467
-0.947,-0.010,0.615,40.466,12.390,-93.445
-0.813,-0.696,0.373,40.222,-5.188,-139.282
-0.632,-1.394,0.184,36.987,-23.926,-179.993
-0.502,-2.070,-0.018,29.907,-36.255,-198.547
-0.415,-2.667,-0.244,26.978,-38.452,-195.679
-0.211,-3.066,-0.429,33.997,-18.250,-184.631
0.159,-3.211,-0.521,51.208,23.437,-162.781
0.588,-3.168,-0.579,66.345,75.134,-122.437
0.957,-2.999,-0.622,69.885,117.859,-70.190
1.138,-2.682,-0.629,60.242,130.188,-22.705
1.079,-2.336,-0.538,40.588,101.379,8.972
0.809,-2.006,-0.308,16.357,38.452,22.583
0.494,-1.690,-0.041,-8.118,-28.076,20.874
0.214,-1.377,0.187,-26.001,-68.665,18.066
-0.009,-1.093,0.340,-33.203,-76.477,25.024
-0.191,-0.851,0.443,-32.349,-63.293,38.879
-0.354,-0.651,0.512,-27.710,-46.387,51.331
-0.486,-0.506,0.564,-21.790,-34.424,54.932
-0.537,-0.434,0.614,-15.625,-26.794,48.096
-0.529,-0.411,0.662,-10.559,-23.254,35.828
-0.506,-0.412,0.712,-8.545,-22.522,24.292
-0.481,-0.438,0.745,-8.484,-22.888,13.977
-0.433,-0.488,0.774,-8.362,-23.193,4.211
-0.374,-0.553,0.791,-7.812,-22.156,-3.052
-0.312,-0.610,0.794,-6.348,-18.250,-6.409
-0.241,-0.675,0.791,-3.235,-11.597,-8.057
-0.163,-0.743,0.783,-0.305,-4.883,-7.935
-0.096,-0.816,0.777,1.587,0.000,-6.714
-0.044,-0.878,0.769,1.648,2.502,-5.066
-0.012,-0.915,0.752,-0.488,2.136,-3.357
0.012,-0.930,0.726,-3.418,0.549,-2.380
0.025,-0.935,0.701,-6.531,-2.563,-1.465
0.019,-0.934,0.693,-8.911,-6.042,0.671
-0.003,-0.922,0.693,-10.254,-8.545,3.906
-0.036,-0.888,0.692,-11.230,-8.118,7.019
-0.066,-0.846,0.694,-11.536,-6.165,9.399
-0.095,-0.809,0.698,-11.597,-5.127,10.925
-0.125,-0.774,0.702,-12.451,-4.883,10.986
-0.133,-0.748,0.694,-12.756,-4.089,8.972
-0.121,-0.749,0.687,-12.207,-3.723,5.859
-0.099,-0.763,0.682,-10.925,-3.235,3.296
-0.072,-0.787,0.670,-9.644,-2.014,1.953
-0.042,-0.810,0.663,-8.179,-1.770,0.854
-0.007,-0.833,0.674,-7.690,-3.235,0.366
0.010,-0.829,0.696,-9.521,-5.249,1.709
-0.022,-0.762,0.712,-13.916,-7.507,4.272
-0.063,-0.682,0.711,-18.311,-9.583,5.920
-0.090,-0.638,0.710,-20.325,-11.292,4.944
-0.101,-0.620,0.719,-19.958,-11.292,2.502
-0.093,-0.615,0.725,-18.127,-8.667,0.000
-0.068,-0.623,0.721,-15.686,-3.723,-1.099
-0.037,-0.645,0.713,-13.184,1.892,-0.183
-0.012,-0.684,0.700,-10.681,6.592,1.587
0.013,-0.719,0.683,-9.155,9.399,2.380
0.049,-0.744,0.667,-8.301,9.460,0.610
0.086,-0.761,0.655,-8.972,5.310,-1.770
0.106,-0.773,0.658,-11.047,-1.404,-2.319
0.096,-0.762,0.679,-13.123,-7.080,-0.122
0.069,-0.731,0.702,-14.893,-8.789,3.784
0.032,-0.685,0.715,-15.198,-7.629,6.531
0.002,-0.656,0.725,-14.404,-6.104,8.118
-0.022,-0.646,0.738,-13.000,-5.554,7.996
-0.042,-0.637,0.754,-10.620,-3.784,6.958
-0.046,-0.636,0.762,-7.996,0.671,6.348
-0.037,-0.635,0.763,-5.859,5.737,7.446
-0.032,-0.639,0.763,-4.822,8.850,8.606
-0.019,-0.645,0.769,-4.944,9.277,8.240
-0.013,-0.639,0.773,-7.568,5.310,6.470
-0.005,-0.620,0.776,-11.169,0.244,3.784
0.009,-0.610,0.782,-12.939,-2.869,1.892
0.012,-0.613,0.795,-13.062,-3.296,2.930
0.001,-0.604,0.811,-11.536,-0.671,5.981
-0.011,-0.597,0.818,-9.155,3.967,9.094
-0.013,-0.586,0.814,-6.775,8.850,10.864
0.001,-0.581,0.805,-4.883,11.902,10.803
0.017,-0.593,0.799,-4.211,11.230,9.338
0.022,-0.602,0.798,-4.883,7.690,6.958
0.021,-0.604,0.795,-7.263,2.869,4.211
0.021,-0.604,0.788,-9.460,-0.916,2.136
0.030,-0.614,0.785,-10.315,-3.113,1.099
0.034,-0.618,0.789,-9.583,-2.991,-0.061
0.043,-0.615,0.796,-8.423,-0.732,0.793
0.041,-0.614,0.786,-7.996,2.014,3.296
0.038,-0.610,0.778,-7.019,4.822,5.981
0.038,-0.609,0.775,-5.920,6.836,7.568
0.044,-0.604,0.775,-5.310,7.568,8.484
0.049,-0.594,0.769,-5.310,6.836,8.850
0.038,-0.584,0.770,-6.409,3.784,8.545
0.027,-0.572,0.777,-7.080,0.610,7.568
0.016,-0.565,0.791,-7.385,-1.648,6.165
0.010,-0.554,0.808,-6.592,-1.770,5.798
0.002,-0.548,0.816,-6.592,-0.916,6.226
-0.009,-0.557,0.817,-6.104,1.038,7.080
-0.017,-0.572,0.813,-5.005,2.686,7.141
-0.012,-0.582,0.813,-3.845,4.578,6.592
0.001,-0.596,0.815,-3.113,6.042,5.676
0.006,-0.608,0.808,-3.357,7.263,5.737
0.006,-0.614,0.801,-3.601,8.301,6.714
0.004,-0.619,0.795,-3.784,9.521,7.507
0.011,-0.621,0.791,-3.967,10.254,7.263
0.025,-0.618,0.793,-4.944,9.827,6.165
0.040,-0.625,0.793,-7.385,7.690,5.005
0.053,-0.620,0.798,-8.789,5.981,3.784
0.067,-0.612,0.797,-10.010,6.226,4.333
0.068,-0.608,0.791,-10.193,7.080,6.287
0.066,-0.602,0.790,-8.972,7.874,8.911
0.065,-0.593,0.786,-7.568,9.949,11.047
0.072,-0.582,0.782,-6.409,11.292,12.207
0.072,-0.572,0.782,-5.737,10.071,12.207
0.059,-0.557,0.795,-5.981,6.165,11.108
0.060,-0.551,0.811,-6.348,2.686,8.972
0.067,-0.552,0.830,-6.042,0.732,7.385

0.310,0.640,1.705,27.344,-1.343,18.066
0.226,0.708,1.622,18.799,-5.554,12.634
0.107,0.755,1.472,9.888,-5.737,6.531
-0.012,0.781,1.264,3.662,0.549,0.854
-0.151,0.786,1.015,3.052,10.254,-5.066
-0.263,0.726,0.775,9.399,17.090,-14.771
-0.318,0.507,0.580,17.456,13.306,-33.997
-0.386,0.154,0.415,17.578,-6.531,-61.951
-0.424,-0.234,0.313,16.052,-31.433,-95.276
-0.416,-0.613,0.245,17.822,-46.326,-122.925
-0.402,-1.028,0.196,24.231,-48.035,-132.141
-0.406,-1.405,0.149,35.156,-40.466,-127.991
-0.411,-1.723,0.080,45.837,-28.442,-120.422
-0.395,-1.991,-0.007,53.650,-14.221,-115.479
-0.322,-2.199,-0.050,62.256,1.953,-110.840
-0.171,-2.335,-0.027,70.740,22.888,-102.417
0.027,-2.377,0.040,76.172,45.105,-88.684
0.207,-2.302,0.116,71.960,60.181,-68.970
0.338,-2.138,0.155,57.312,64.758,-48.035
0.394,-1.942,0.159,37.659,59.509,-29.419
0.372,-1.755,0.176,19.409,42.358,-13.550
0.254,-1.561,0.253,5.676,15.564,-2.991
0.089,-1.353,0.385,-2.075,-7.507,4.822
-0.061,-1.173,0.509,-5.798,-18.860,11.536
-0.157,-1.041,0.600,-7.812,-20.996,17.822
-0.207,-0.945,0.652,-9.216,-19.348,22.400
-0.230,-0.870,0.674,-10.315,-16.296,24.597
-0.226,-0.817,0.675,-10.986,-12.390,24.475
-0.202,-0.770,0.655,-12.451,-9.766,22.949
-0.189,-0.730,0.642,-12.878,-10.132,20.081
-0.188,-0.695,0.661,-11.292,-11.536,15.808
-0.193,-0.667,0.694,-9.216,-12.695,11.780
-0.206,-0.652,0.727,-7.568,-14.038,8.301
-0.209,-0.663,0.758,-6.897,-16.418,4.883
-0.205,-0.687,0.782,-6.592,-17.578,1.648
-0.190,-0.710,0.787,-5.859,-15.747,-1.038
-0.160,-0.749,0.777,-4.578,-12.329,-2.441
-0.132,-0.780,0.767,-3.906,-9.521,-3.113
-0.095,-0.784,0.760,-4.028,-7.202,-3.540
-0.042,-0.765,0.738,-5.920,-4.456,-3.601
0.001,-0.746,0.713,-8.362,-3.052,-2.136
0.034,-0.736,0.694,-9.949,-3.845,0.366
0.050,-0.734,0.700,-10.010,-5.188,2.563
0.062,-0.748,0.725,-9.705,-6.042,4.700
0.058,-0.749,0.751,-10.132,-6.348,7.996
0.029,-0.730,0.778,-10.376,-5.859,12.817
-0.016,-0.703,0.804,-10.620,-3.845,17.212
-0.055,-0.670,0.825,-11.230,-0.732,18.982
-0.077,-0.647,0.819,-13.306,1.465,17.395
-0.078,-0.639,0.801,-15.198,1.465,13.916
-0.069,-0.612,0.787,-15.747,0.549,10.132
-0.055,-0.576,0.771,-15.442,0.671,7.263
-0.051,-0.551,0.749,-14.404,1.465,5.981
-0.047,-0.541,0.731,-12.146,2.747,5.615
-0.029,-0.541,0.727,-9.338,3.784,4.639
-0.008,-0.554,0.733,-7.568,3.418,3.601
0.000,-0.568,0.739,-7.385,1.648,3.845
-0.005,-0.579,0.754,-6.958,0.061,5.005
-0.010,-0.592,0.772,-5.920,-0.244,5.554
-0.018,-0.599,0.792,-4.822,-0.061,5.676
-0.030,-0.590,0.810,-5.249,0.183,5.493
-0.046,-0.563,0.819,-6.531,0.305,4.944
-0.064,-0.538,0.822,-8.057,-0.671,4.333
-0.086,-0.527,0.821,-9.399,-2.380,3.052
-0.098,-0.527,0.813,-10.010,-2.136,1.099
-0.092,-0.526,0.790,-9.644,0.305,-1.648
-0.072,-0.540,0.767,-7.324,3.113,-4.028
-0.044,-0.561,0.755,-4.150,5.005,-5.005
-0.014,-0.569,0.760,-1.465,5.737,-5.066
0.003,-0.573,0.767,-0.916,5.554,-4.272
0.010,-0.570,0.767,-1.282,5.615,-2.441
0.013,-0.573,0.768,-1.587,5.859,-0.977
0.025,-0.583,0.772,-1.404,6.042,0.061
0.034,-0.594,0.787,-1.526,5.676,0.793
0.024,-0.588,0.802,-0.977,5.005,1.282
0.014,-0.587,0.809,-0.732,4.211,1.709
0.008,-0.592,0.816,-0.549,4.456,2.319
0.000,-0.600,0.814,-0.610,5.371,3.052
-0.010,-0.596,0.807,-1.099,6.592,3.601
-0.015,-0.581,0.794,-1.526,7.568,3.662
-0.005,-0.573,0.792,-2.136,7.446,2.686
0.010,-0.570,0.793,-3.296,5.920,0.977
0.019,-0.560,0.792,-5.371,3.723,-0.427
0.030,-0.554,0.787,-6.165,2.502,-1.221
0.034,-0.562,0.785,-4.883,2.808,-1.282
0.036,-0.573,0.789,-2.930,3.906,-0.793
0.040,-0.578,0.792,-0.916,4.578,-0.061
0.042,-0.584,0.797,0.671,4.211,1.160
0.031,-0.598,0.807,1.343,2.563,2.869
0.010,-0.598,0.822,1.709,1.221,3.906
-0.002,-0.594,0.833,1.648,1.770,3.601
-0.004,-0.597,0.841,1.343,3.296,2.869
0.002,-0.597,0.847,0.977,4.211,2.258
0.000,-0.599,0.849,-0.183,4.150,1.831
0.000,-0.604,0.845,-1.587,4.700,0.854
0.004,-0.601,0.837,-2.991,4.700,-0.732
0.015,-0.606,0.828,-3.784,4.089,-2.380
0.033,-0.617,0.822,-4.333,2.991,-3.479
0.036,-0.620,0.821,-4.517,1.831,-3.113
0.034,-0.625,0.821,-4.578,1.831,-1.343
0.033,-0.620,0.818,-4.089,2.991,0.977
0.027,-0.620,0.818,-3.418,3.479,3.052
0.013,-0.628,0.824,-3.052,2.563,3.906
0.001,-0.627,0.845,-3.418,0.916,3.174
0.001,-0.617,0.859,-5.127,0.122,1.770
0.008,-0.608,0.858,-7.690,0.549,0.977
0.015,-0.599,0.848,-9.460,1.038,0.610
0.017,-0.596,0.840,-10.010,1.831,0.977
0.021,-0.596,0.837,-10.315,2.502,1.465
0.029,-0.593,0.833,-10.437,3.418,1.770
0.035,-0.590,0.823,-10.620,3.601,2.197
0.032,-0.593,0.814,-10.315,2.869,2.869
0.031,-0.594,0.818,-9.033,2.197,4.028
0.020,-0.598,0.828,-7.080,2.747,5.493
0.014,-0.591,0.835,-6.042,4.700,6.897
0.016,-0.591,0.830,-5.920,6.104,7.629
0.020,-0.577,0.824,-5.859,5.920,6.775
0.021,-0.557,0.826,-6.042,4.639,5.737
0.030,-0.547,0.830,-6.592,3.174,4.517

0.728,0.702,1.543,41.992,12.329,7.446
0.795,0.971,1.604,41.992,6.775,7.080
0.772,1.244,1.653,40.344,-1.892,7.263
0.600,1.437,1.668,39.856,-10.071,8.606
0.293,1.442,1.609,39.124,-15.137,12.146
-0.106,1.298,1.511,38.086,-17.761,10.986
-0.478,1.106,1.365,36.316,-25.085,-3.235
-0.742,0.790,1.167,32.410,-39.490,-28.931
-1.007,0.366,0.946,32.166,-55.542,-57.983
-1.221,-0.245,0.713,40.588,-63.049,-81.360
-1.322,-1.080,0.544,56.458,-57.251,-101.074
-1.236,-1.997,0.446,70.251,-42.175,-126.465
-1.004,-2.756,0.319,67.444,-28.687,-151.001
-0.713,-3.184,0.179,55.847,-15.198,-162.415
-0.368,-3.306,0.041,48.828,13.550,-155.945
0.055,-3.255,-0.112,48.767,62.378,-134.216
0.463,-3.122,-0.205,52.795,110.596,-101.196
0.784,-2.896,-0.238,50.903,134.216,-63.904
0.890,-2.577,-0.226,35.950,123.657,-29.053
0.779,-2.230,-0.137,13.611,80.261,-2.380
0.543,-1.879,0.046,-7.690,20.752,13.184
0.254,-1.504,0.246,-26.367,-27.710,24.963
-0.028,-1.146,0.385,-41.321,-53.406,35.889
-0.244,-0.823,0.453,-49.194,-56.274,43.579
-0.392,-0.527,0.473,-51.147,-45.471,47.119
-0.493,-0.289,0.476,-47.852,-31.067,47.363
-0.541,-0.127,0.469,-40.405,-16.663,43.030
-0.531,-0.082,0.474,-29.663,-5.066,34.180
-0.477,-0.114,0.492,-17.822,3.052,23.804
-0.412,-0.193,0.524,-9.094,6.714,13.428
-0.349,-0.283,0.544,-4.150,6.775,3.906
-0.273,-0.379,0.551,-1.526,5.188,-4.883
-0.187,-0.497,0.553,0.183,1.343,-12.329
-0.107,-0.618,0.567,2.930,-0.916,-16.785
-0.046,-0.709,0.573,5.676,2.136,-16.663
0.009,-0.767,0.558,7.385,7.080,-14.648
0.058,-0.794,0.533,7.812,9.460,-12.329
0.097,-0.815,0.530,8.301,7.996,-10.437
0.132,-0.839,0.553,7.751,3.540,-9.216
0.144,-0.857,0.587,6.348,-1.892,-6.775
0.126,-0.852,0.627,4.822,-6.104,-3.601
0.083,-0.822,0.668,4.089,-8.118,0.488
0.016,-0.797,0.723,3.784,-8.545,3.723
-0.048,-0.760,0.768,2.808,-8.789,5.676
-0.094,-0.712,0.780,0.610,-9.277,4.700
-0.100,-0.681,0.763,-1.282,-9.216,0.366
-0.069,-0.680,0.738,-1.404,-8.240,-3.967
-0.030,-0.701,0.719,0.000,-6.409,-5.188
0.012,-0.726,0.720,2.197,-4.028,-5.066
0.046,-0.741,0.737,3.479,-1.648,-3.235
0.056,-0.740,0.750,3.845,0.122,1.282
0.063,-0.731,0.763,3.723,1.221,5.798
0.072,-0.733,0.774,3.357,0.793,9.094
0.071,-0.735,0.795,2.136,-1.770,12.207
0.040,-0.719,0.824,-0.366,-5.493,14.099
0.006,-0.701,0.851,-3.784,-9.399,13.184
-0.010,-0.695,0.865,-7.263,-12.512,10.071
-0.019,-0.689,0.868,-9.338,-13.184,7.507
-0.017,-0.694,0.865,-9.338,-9.705,6.592
-0.004,-0.701,0.861,-7.935,-3.906,7.324
-0.000,-0.695,0.852,-6.775,2.258,9.644
-0.002,-0.695,0.830,-6.348,6.775,12.024
0.001,-0.696,0.802,-6.165,9.216,13.000
0.027,-0.695,0.779,-5.859,9.521,11.841
0.059,-0.699,0.759,-6.653,5.981,9.888
0.078,-0.700,0.742,-8.545,-0.366,8.606
0.073,-0.694,0.736,-9.644,-6.348,8.362
0.044,-0.681,0.750,-9.705,-10.010,8.423
0.011,-0.659,0.764,-9.216,-11.169,8.789
-0.008,-0.622,0.778,-8.911,-10.803,8.850
-0.031,-0.593,0.782,-8.728,-10.376,9.094
-0.058,-0.578,0.783,-7.141,-9.766,9.338
-0.082,-0.580,0.792,-4.211,-8.423,8.972
-0.091,-0.598,0.810,-1.221,-6.653,7.446
-0.082,-0.628,0.818,-0.061,-6.042,5.066
-0.072,-0.648,0.818,-0.793,-6.042,3.418
-0.047,-0.654,0.816,-1.465,-4.944,2.563
-0.008,-0.653,0.806,-2.258,-2.625,2.808
0.021,-0.648,0.794,-3.906,-0.916,4.333
0.037,-0.644,0.784,-6.409,-1.831,4.761
0.045,-0.644,0.771,-8.484,-4.272,4.150
0.046,-0.651,0.772,-8.911,-7.446,2.625
0.034,-0.661,0.786,-7.996,-9.705,2.014
0.011,-0.667,0.802,-7.019,-9.583,2.991
-0.013,-0.658,0.805,-7.202,-7.446,4.822
-0.036,-0.637,0.804,-7.385,-4.761,7.629
-0.061,-0.595,0.810,-7.202,-1.465,10.315
-0.069,-0.533,0.810,-6.714,3.479,10.925
-0.055,-0.492,0.801,-5.981,7.629,9.644
-0.026,-0.473,0.795,-5.554,8.972,7.202
0.004,-0.490,0.796,-5.859,6.958,4.089
0.025,-0.507,0.798,-7.263,2.502,2.197
0.029,-0.539,0.791,-8.240,-1.282,1.099
0.036,-0.574,0.787,-6.653,-1.709,0.854
0.044,-0.618,0.788,-3.357,-0.183,1.892
0.040,-0.639,0.795,0.305,2.319,3.906
0.033,-0.650,0.809,2.930,5.676,6.348
0.041,-0.641,0.816,2.747,8.362,8.057
0.051,-0.614,0.818,0.183,8.484,8.850
0.049,-0.587,0.815,-3.540,5.798,8.179
0.041,-0.579,0.809,-7.568,1.770,5.981
0.038,-0.579,0.798,-10.071,-1.770,3.113
0.034,-0.588,0.795,-10.315,-3.174,0.977
0.032,-0.610,0.798,-9.399,-2.136,1.282
0.025,-0.630,0.793,-8.179,1.038,4.272
0.013,-0.633,0.783,-6.836,5.127,8.667
0.002,-0.625,0.774,-5.981,8.240,11.719
0.012,-0.608,0.771,-6.104,9.338,13.123
0.022,-0.584,0.766,-6.897,7.812,12.085
0.024,-0.570,0.765,-8.118,4.578,10.254
0.025,-0.560,0.772,-9.033,1.282,7.812
0.027,-0.559,0.779,-9.705,-0.793,5.554
0.021,-0.562,0.786,-9.460,-1.770,4.761
0.007,-0.565,0.800,-7.935,-0.671,5.371
0.002,-0.562,0.808,-6.104,2.258,6.348
0.004,-0.553,0.807,-4.456,5.981,7.507
0.014,-0.532,0.804,-2.991,7.996,7.996
0.021,-0.523,0.803,-1.953,6.897,6.958
0.023,-0.525,0.817,-0.671,4.272,4.639

0.639,0.924,1.435,30.212,-13.245,6.470
0.666,1.214,1.455,31.921,-10.071,7.141
0.551,1.407,1.476,32.593,-10.681,12.512
0.285,1.494,1.457,30.457,-12.634,21.545
-0.060,1.539,1.346,25.330,-14.282,25.574
-0.419,1.526,1.130,24.841,-17.639,17.822
-0.757,1.301,0.942,33.203,-25.024,-3.296
-1.094,0.743,0.776,52.979,-38.757,-33.447
-1.355,-0.092,0.603,77.332,-53.650,-70.251
-1.469,-1.090,0.434,97.229,-64.270,-110.229
-1.428,-2.112,0.291,103.088,-72.876,-148.682
-1.179,-2.936,0.236,95.886,-78.674,-179.871
-0.824,-3.460,0.243,81.360,-75.378,-199.890
-0.437,-3.638,0.378,70.496,-60.181,-207.458
0.012,-3.575,0.500,56.458,-30.334,-195.984
0.450,-3.348,0.485,36.987,17.456,-162.842
0.836,-2.976,0.306,19.714,82.092,-107.666
1.002,-2.534,0.020,4.700,140.991,-35.706
0.919,-2.118,-0.193,-0.488,162.659,31.921
0.651,-1.731,-0.221,-0.061,132.507,71.472
0.332,-1.400,-0.087,-2.625,70.679,79.651
0.023,-1.112,0.114,-10.681,7.507,70.984
-0.252,-0.854,0.314,-20.447,-37.292,59.631
-0.485,-0.599,0.457,-29.358,-56.885,52.185
-0.663,-0.376,0.530,-32.288,-53.284,48.401
-0.752,-0.220,0.563,-27.649,-36.377,44.189
-0.761,-0.151,0.592,-18.799,-17.883,36.438
-0.729,-0.115,0.602,-10.254,-3.052,25.757
-0.657,-0.115,0.578,-3.784,9.888,13.733
-0.533,-0.181,0.566,3.662,18.372,0.732
-0.380,-0.290,0.575,9.705,19.104,-12.207
-0.223,-0.414,0.582,10.132,11.353,-24.231
-0.099,-0.531,0.600,8.240,0.427,-31.555
-0.017,-0.639,0.639,8.179,-6.165,-32.776
0.030,-0.723,0.679,9.155,-6.958,-29.785
0.055,-0.783,0.702,9.521,-4.639,-23.682
0.090,-0.824,0.695,8.301,-1.099,-16.541
0.090,-0.837,0.697,6.042,2.625,-9.888
0.095,-0.838,0.678,4.395,5.981,-3.906
0.099,-0.833,0.656,3.967,8.545,0.549
0.102,-0.819,0.638,3.723,9.460,3.113
0.117,-0.809,0.629,3.296,7.263,3.723
0.110,-0.817,0.632,2.380,0.610,3.296
0.097,-0.828,0.646,1.587,-6.897,1.953
0.078,-0.836,0.666,1.099,-13.733,-0.122
0.053,-0.826,0.689,1.465,-18.311,-1.099
0.035,-0.832,0.711,2.136,-20.081,-0.549
0.025,-0.850,0.741,3.479,-19.287,2.136
-0.001,-0.860,0.772,4.456,-16.846,6.104
-0.025,-0.857,0.797,4.639,-12.573,9.644
-0.012,-0.872,0.805,3.967,-6.714,12.146
0.004,-0.887,0.802,2.014,-3.418,14.648
0.005,-0.880,0.803,-0.305,-2.930,17.578
-0.010,-0.852,0.810,-2.869,-4.700,19.104
-0.026,-0.832,0.822,-6.226,-9.766,18.555
-0.048,-0.790,0.821,-10.193,-16.785,16.968
-0.081,-0.739,0.832,-13.062,-22.034,14.954
-0.116,-0.702,0.838,-14.160,-22.827,13.245
-0.143,-0.681,0.840,-13.733,-19.470,11.902
-0.149,-0.677,0.839,-12.024,-13.306,10.376
-0.140,-0.683,0.826,-10.193,-6.836,9.583
-0.120,-0.707,0.803,-8.972,-1.099,10.376
-0.093,-0.729,0.777,-8.728,3.601,11.963
-0.061,-0.738,0.738,-10.437,6.409,13.611
-0.030,-0.727,0.699,-13.367,5.615,15.076
-0.014,-0.682,0.674,-16.113,1.343,15.564
-0.020,-0.631,0.672,-18.433,-5.188,14.771
-0.043,-0.580,0.686,-19.958,-11.841,12.512
-0.062,-0.548,0.711,-20.142,-17.090,8.667
-0.073,-0.549,0.740,-18.982,-20.325,3.906
-0.078,-0.568,0.767,-17.334,-20.142,1.160
-0.076,-0.596,0.783,-14.954,-15.991,1.038
-0.078,-0.624,0.786,-11.719,-8.789,3.235
-0.072,-0.646,0.779,-7.996,-1.038,5.798
-0.064,-0.656,0.768,-4.578,5.676,7.202
-0.049,-0.678,0.767,-2.747,7.935,7.324
-0.037,-0.687,0.777,-3.967,4.639,6.775
-0.037,-0.671,0.781,-8.118,-1.770,5.188
-0.027,-0.647,0.784,-14.404,-8.850,1.831
-0.025,-0.633,0.779,-20.874,-16.296,-1.526
-0.034,-0.619,0.782,-24.536,-22.339,-3.784
-0.057,-0.604,0.792,-25.513,-24.963,-4.395
-0.086,-0.593,0.795,-23.682,-22.400,-3.052
-0.117,-0.586,0.794,-19.043,-14.954,-0.793
-0.136,-0.575,0.796,-12.817,-4.883,2.563
-0.145,-0.564,0.786,-7.263,6.226,6.775
-0.150,-0.548,0.771,-1.770,16.113,10.559
-0.153,-0.550,0.753,2.930,22.156,11.475
-0.135,-0.561,0.749,5.676,22.217,7.812
-0.100,-0.568,0.762,6.409,17.029,0.549
-0.046,-0.586,0.786,3.967,9.949,-5.249
-0.021,-0.611,0.812,-1.038,2.625,-6.714
-0.027,-0.619,0.823,-5.859,-1.404,-4.395
-0.039,-0.628,0.822,-8.240,0.183,-0.366
-0.046,-0.629,0.818,-7.385,6.042,4.028
-0.044,-0.616,0.817,-5.066,12.146,7.690
-0.041,-0.604,0.822,-3.601,16.113,10.437
-0.047,-0.586,0.822,-3.296,17.578,12.573
-0.056,-0.566,0.827,-3.540,17.334,12.939
-0.051,-0.542,0.832,-4.211,15.686,10.681
-0.032,-0.520,0.826,-5.493,12.085,5.615
-0.015,-0.519,0.824,-8.789,3.723,-0.854
-0.005,-0.536,0.833,-12.573,-6.165,-6.042
-0.012,-0.563,0.841,-14.893,-11.963,-9.338
-0.027,-0.588,0.849,-14.282,-12.146,-8.972
-0.031,-0.610,0.841,-12.207,-7.019,-5.798
-0.033,-0.627,0.826,-8.606,0.610,-1.465
-0.035,-0.624,0.827,-4.822,7.446,3.113
-0.033,-0.594,0.834,-3.540,12.451,7.080
-0.032,-0.561,0.833,-3.906,15.564,9.216
-0.022,-0.539,0.831,-4.944,15.991,8.728
-0.014,-0.517,0.834,-6.836,12.878,5.981
-0.014,-0.510,0.839,-9.277,8.057,2.502
-0.011,-0.512,0.838,-11.414,4.211,-0.427
-0.012,-0.518,0.839,-11.841,2.930,-1.831
-0.015,-0.527,0.832,-10.620,4.333,-0.916
-0.018,-0.542,0.825,-8.118,7.751,1.038
-0.021,-0.551,0.820,-6.470,10.925,3.723
-0.030,-0.548,0.818,-6.592,12.756,6.165

0.290,0.617,1.652,33.997,23.437,23.315
0.208,0.746,1.577,23.132,18.066,18.860
0.102,0.898,1.468,10.437,9.888,10.986
-0.022,1.035,1.298,0.000,1.587,1.160
-0.187,1.082,1.092,-2.075,-5.493,-7.263
-0.402,1.012,0.902,5.371,-10.376,-13.977
-0.631,0.824,0.699,20.569,-10.254,-22.034
-0.813,0.502,0.488,39.978,-4.578,-35.400
-0.976,0.068,0.289,57.678,-0.427,-56.030
-1.035,-0.548,0.083,67.566,-7.263,-82.275
-0.978,-1.253,-0.043,72.937,-24.841,-119.568
-0.809,-1.905,-0.081,74.585,-46.082,-156.738
-0.594,-2.454,-0.051,73.120,-60.425,-181.458
-0.370,-2.862,0.018,75.073,-54.077,-186.157
-0.138,-3.079,0.097,79.895,-22.217,-170.654
0.158,-3.114,0.139,82.397,28.259,-143.982
0.514,-3.005,0.116,78.308,82.092,-112.366
0.845,-2.748,0.054,65.430,119.141,-75.928
1.011,-2.382,0.008,47.241,126.831,-37.048
1.002,-1.962,-0.007,25.818,101.013,-5.920
0.807,-1.583,0.035,2.747,45.166,8.850
0.486,-1.262,0.150,-15.320,-17.822,12.939
0.141,-1.020,0.307,-24.658,-62.927,17.029
-0.136,-0.867,0.464,-25.818,-78.918,23.193
-0.321,-0.773,0.577,-22.827,-72.876,30.090
-0.435,-0.705,0.637,-19.470,-56.396,36.072
-0.502,-0.621,0.650,-15.869,-37.659,39.063
-0.521,-0.548,0.628,-13.550,-20.630,38.147
-0.493,-0.504,0.596,-12.939,-9.460,33.447
-0.444,-0.467,0.571,-13.611,-6.653,26.489
-0.380,-0.468,0.556,-13.672,-9.094,16.479
-0.317,-0.499,0.555,-12.512,-14.709,5.981
-0.277,-0.549,0.576,-8.728,-19.165,-0.610
-0.258,-0.600,0.607,-3.296,-17.883,-3.052
-0.233,-0.652,0.631,1.587,-11.841,-2.930
-0.185,-0.705,0.645,5.432,-6.165,-2.380
-0.143,-0.745,0.663,8.911,-1.465,-1.648
-0.075,-0.780,0.658,11.047,2.625,-0.977
-0.009,-0.826,0.660,12.939,5.920,0.061
0.021,-0.856,0.674,12.573,4.883,2.441
0.024,-0.866,0.680,8.972,-0.122,3.906
0.021,-0.874,0.697,5.676,-6.470,3.296
0.007,-0.877,0.731,3.601,-11.963,3.418
-0.021,-0.860,0.763,0.244,-15.564,5.798
-0.062,-0.831,0.772,-3.540,-15.564,9.277
-0.086,-0.808,0.763,-5.798,-12.451,10.864
-0.085,-0.799,0.752,-6.042,-7.996,10.559
-0.082,-0.781,0.736,-5.432,-4.333,10.193
-0.069,-0.772,0.723,-4.456,-1.648,9.399
-0.047,-0.791,0.726,-2.930,-1.404,7.507
-0.031,-0.812,0.746,-2.075,-4.211,4.578
-0.021,-0.838,0.781,-3.174,-9.216,0.916
-0.024,-0.853,0.826,-5.737,-15.747,-0.427
-0.041,-0.857,0.864,-10.254,-21.362,1.404
-0.072,-0.833,0.882,-15.381,-22.644,4.883
-0.096,-0.801,0.880,-18.799,-18.677,7.935
-0.099,-0.775,0.853,-20.813,-11.719,10.071
-0.095,-0.754,0.823,-21.179,-5.493,11.414
-0.089,-0.734,0.800,-20.081,-0.916,11.902
-0.079,-0.727,0.769,-18.677,3.174,10.986
-0.062,-0.725,0.745,-16.296,5.798,8.789
-0.058,-0.744,0.729,-13.611,5.676,4.883
-0.036,-0.772,0.723,-11.292,2.686,-0.854
0.000,-0.815,0.735,-10.925,-3.296,-5.676
0.032,-0.858,0.750,-14.160,-9.949,-5.920
0.020,-0.854,0.767,-18.982,-14.160,-0.244
-0.011,-0.818,0.770,-23.010,-12.329,8.728
-0.044,-0.781,0.758,-25.879,-6.287,16.724
-0.070,-0.741,0.751,-26.184,0.000,22.034
-0.084,-0.683,0.745,-25.940,5.249,22.705
-0.081,-0.627,0.731,-26.062,6.592,19.348
-0.082,-0.589,0.720,-25.391,3.113,14.221
-0.091,-0.569,0.722,-23.865,-3.357,7.324
-0.091,-0.572,0.722,-22.461,-9.766,-0.916
-0.071,-0.611,0.737,-20.081,-14.160,-6.958
-0.050,-0.653,0.756,-18.005,-14.709,-8.301
-0.037,-0.694,0.769,-19.043,-11.963,-3.235
-0.066,-0.687,0.776,-21.545,-6.897,7.202
-0.101,-0.660,0.761,-23.132,2.380,16.541
-0.104,-0.637,0.747,-22.034,11.780,21.484
-0.101,-0.612,0.742,-20.386,16.052,21.851
-0.075,-0.589,0.736,-21.118,14.221,19.043
-0.058,-0.569,0.736,-22.827,9.033,14.771
-0.053,-0.552,0.743,-23.865,2.808,10.376
-0.062,-0.544,0.749,-24.841,-1.648,6.958
-0.060,-0.543,0.753,-24.170,-2.869,5.188
-0.073,-0.552,0.756,-21.057,-1.221,5.066
-0.078,-0.554,0.757,-18.433,1.648,6.775
-0.088,-0.546,0.760,-15.869,5.920,9.705
-0.088,-0.528,0.765,-14.404,9.949,12.024
-0.084,-0.504,0.759,-14.282,13.672,14.587
-0.074,-0.487,0.749,-14.221,16.907,15.564
-0.059,-0.482,0.738,-14.221,16.724,14.771
-0.048,-0.477,0.734,-15.015,14.221,12.390
-0.032,-0.472,0.740,-15.869,10.742,8.972
-0.024,-0.472,0.744,-16.357,7.202,5.493
-0.019,-0.489,0.753,-16.113,5.615,3.296
-0.023,-0.483,0.770,-15.564,4.395,3.296
-0.028,-0.470,0.794,-13.489,5.005,5.249
-0.037,-0.466,0.811,-11.414,7.996,7.507
-0.040,-0.456,0.829,-8.606,12.207,9.460
-0.036,-0.434,0.843,-6.653,14.954,10.193
-0.019,-0.420,0.858,-5.615,16.846,9.705
-0.009,-0.415,0.864,-5.432,16.663,8.301
0.002,-0.422,0.872,-5.188,15.015,7.080
0.000,-0.442,0.879,-5.432,13.489,5.615
0.003,-0.466,0.883,-6.042,12.939,4.333
0.014,-0.482,0.885,-7.263,13.000,3.113
0.015,-0.493,0.874,-10.620,11.963,2.319
0.006,-0.491,0.861,-14.893,10.559,2.136
0.005,-0.462,0.858,-18.005,9.216,2.258
0.016,-0.422,0.853,-18.860,9.277,2.380
0.022,-0.404,0.845,-16.418,11.108,2.869
0.026,-0.403,0.856,-11.047,13.306,3.601
0.020,-0.417,0.880,-5.554,15.381,4.456
0.029,-0.441,0.901,-0.916,19.470,4.883
0.051,-0.464,0.911,2.136,23.376,5.615
0.049,-0.490,0.919,2.747,24.902,6.958
0.053,-0.516,0.922,1.160,24.719,7.446

0.519,0.765,1.657,48.645,-15.686,25.696
0.414,0.966,1.641,48.218,-11.536,28.931
0.214,1.117,1.582,48.706,-8.606,29.846
-0.029,1.239,1.498,49.500,-4.944,27.283
-0.298,1.283,1.376,49.316,-0.427,20.386
-0.569,1.226,1.214,50.049,1.770,8.362
-0.801,1.019,1.026,53.284,3.052,-10.071
-0.999,0.673,0.834,59.937,4.517,-36.682
-1.105,0.150,0.652,67.139,3.540,-69.824
-1.097,-0.522,0.511,72.510,-5.066,-108.337
-1.043,-1.262,0.378,71.106,-22.339,-144.287
-0.993,-1.925,0.247,62.012,-38.940,-172.852
-0.888,-2.469,0.082,48.401,-44.678,-189.331
-0.719,-2.870,-0.047,43.701,-37.964,-192.627
-0.473,-3.057,-0.064,50.537,-15.625,-182.556
-0.153,-3.086,-0.014,59.875,22.400,-161.316
0.222,-3.001,-0.007,62.073,71.167,-128.784
0.561,-2.762,-0.084,55.359,114.685,-89.294
0.820,-2.416,-0.228,41.443,138.855,-48.462
0.905,-2.060,-0.313,26.855,129.028,-13.611
0.778,-1.708,-0.233,12.024,79.285,6.409
0.515,-1.427,-0.012,-2.686,8.423,9.521
0.224,-1.208,0.262,-15.442,-52.063,5.249
-0.013,-1.007,0.458,-24.658,-80.872,6.653
-0.200,-0.818,0.565,-27.954,-78.369,14.893
-0.344,-0.629,0.619,-25.146,-57.739,25.879
-0.444,-0.472,0.631,-19.836,-33.875,34.241
-0.486,-0.363,0.630,-13.550,-15.747,35.522
-0.462,-0.306,0.624,-7.751,-5.371,29.480
-0.404,-0.310,0.611,-4.517,-1.953,19.775
-0.337,-0.351,0.624,-2.930,-4.517,8.728
-0.280,-0.409,0.667,-2.563,-11.169,-2.319
-0.218,-0.487,0.707,-2.625,-15.320,-9.460
-0.138,-0.569,0.731,-1.526,-13.245,-13.306
-0.055,-0.653,0.743,0.366,-8.057,-13.489
0.015,-0.719,0.743,1.953,-3.174,-10.925
0.066,-0.771,0.733,2.991,1.038,-7.202
0.114,-0.800,0.709,3.479,4.211,-4.761
0.157,-0.808,0.678,3.174,4.578,-2.258
0.179,-0.809,0.663,2.747,2.441,0.244
0.187,-0.820,0.663,2.686,-1.526,2.502
0.182,-0.836,0.668,2.380,-5.798,4.272
0.158,-0.840,0.683,2.258,-8.728,6.348
0.126,-0.849,0.705,2.991,-9.949,8.545
0.088,-0.854,0.721,3.418,-10.498,10.498
0.056,-0.861,0.724,3.235,-11.292,11.658
0.033,-0.859,0.732,2.686,-12.451,12.268
0.005,-0.831,0.750,1.282,-14.282,13.550
-0.053,-0.774,0.762,-2.258,-16.785,16.113
-0.099,-0.721,0.753,-6.531,-19.104,17.151
-0.120,-0.694,0.747,-8.972,-21.301,15.503
-0.139,-0.679,0.761,-9.521,-23.560,13.123
-0.149,-0.674,0.777,-9.583,-23.193,11.230
-0.143,-0.689,0.785,-8.545,-19.653,9.949
-0.129,-0.716,0.788,-6.714,-14.526,10.254
-0.110,-0.743,0.786,-5.554,-9.460,11.169
-0.091,-0.760,0.777,-5.310,-5.676,12.207
-0.068,-0.763,0.760,-5.615,-3.845,12.024
-0.041,-0.761,0.752,-6.104,-4.456,10.376
-0.020,-0.759,0.759,-7.996,-7.385,9.277
-0.011,-0.755,0.765,-11.597,-11.658,9.460
-0.020,-0.738,0.769,-15.259,-14.709,10.437
-0.041,-0.717,0.777,-16.968,-14.954,11.719
-0.060,-0.705,0.780,-17.029,-12.817,12.512
-0.072,-0.700,0.781,-16.174,-10.315,12.268
-0.078,-0.698,0.772,-15.076,-7.446,11.658
-0.082,-0.691,0.761,-13.184,-4.944,10.925
-0.093,-0.669,0.752,-11.475,-3.113,10.315
-0.112,-0.631,0.741,-10.193,-3.052,8.972
-0.104,-0.618,0.736,-9.644,-4.700,5.676
-0.081,-0.628,0.744,-9.888,-7.446,2.869
-0.076,-0.644,0.764,-11.292,-10.132,3.235
-0.068,-0.675,0.772,-13.428,-10.986,5.005
-0.054,-0.698,0.784,-15.137,-8.850,7.141
-0.046,-0.715,0.785,-15.808,-5.249,9.949
-0.046,-0.717,0.782,-15.869,-1.160,13.794
-0.053,-0.700,0.771,-15.930,1.709,16.479
-0.061,-0.673,0.760,-16.052,1.770,16.785
-0.070,-0.648,0.759,-16.174,-1.709,14.771
-0.080,-0.622,0.770,-16.785,-5.371,11.414
-0.085,-0.591,0.775,-17.029,-6.592,7.690
-0.079,-0.567,0.765,-15.808,-4.883,4.883
-0.073,-0.559,0.760,-13.000,-2.014,3.967
-0.073,-0.561,0.767,-9.644,0.916,4.456
-0.074,-0.578,0.777,-6.958,3.784,5.188
-0.083,-0.590,0.774,-5.554,6.653,5.920
-0.073,-0.628,0.762,-5.493,9.644,7.141
-0.048,-0.649,0.756,-4.639,10.986,5.554
-0.034,-0.656,0.744,-6.592,9.033,5.249
-0.033,-0.658,0.728,-11.108,4.822,5.859
-0.035,-0.643,0.719,-14.832,0.610,5.737
-0.037,-0.615,0.716,-16.663,-2.136,4.822
-0.034,-0.594,0.721,-16.357,-2.502,4.150
-0.032,-0.586,0.736,-14.404,-1.343,4.883
-0.047,-0.585,0.751,-11.475,1.831,6.775
-0.057,-0.579,0.768,-8.179,6.531,8.850
-0.075,-0.572,0.777,-4.761,10.681,9.705
-0.084,-0.572,0.776,-1.953,13.184,9.033
-0.073,-0.574,0.782,-0.244,14.221,7.996
-0.068,-0.584,0.795,0.061,13.428,6.287
-0.059,-0.580,0.800,-1.831,9.827,4.883
-0.064,-0.575,0.801,-4.517,6.104,3.784
-0.064,-0.543,0.812,-6.348,4.272,3.113
-0.061,-0.513,0.822,-7.141,5.310,2.502
-0.050,-0.502,0.820,-7.202,8.057,1.953
-0.044,-0.507,0.812,-6.531,10.681,1.648
-0.035,-0.515,0.806,-4.944,13.367,0.732
-0.011,-0.516,0.804,-2.991,15.503,-0.061
0.029,-0.544,0.804,-2.136,16.785,0.366
0.033,-0.557,0.804,-1.770,16.235,0.366
0.043,-0.567,0.810,-1.831,15.015,0.305
0.052,-0.572,0.823,-2.991,12.085,0.122
0.038,-0.569,0.836,-4.761,8.362,0.366
0.017,-0.568,0.838,-6.592,5.676,0.000
0.012,-0.562,0.842,-7.385,4.822,-0.610
-0.005,-0.566,0.842,-6.165,5.554,-1.282
0.001,-0.579,0.851,-3.723,8.606,-0.671
0.015,-0.577,0.862,-1.465,13.550,1.221
0.034,-0.569,0.856,-1.099,18.860,3.601

0.877,0.606,1.654,16.846,5.432,8.911
0.900,0.786,1.617,14.343,5.188,12.207
0.839,0.950,1.550,13.367,3.479,18.555
0.668,1.128,1.479,14.648,0.549,26.428
0.398,1.298,1.400,18.066,-0.916,34.668
0.090,1.426,1.302,20.447,-0.183,37.720
-0.258,1.496,1.157,23.926,-0.549,32.288
-0.596,1.413,0.982,29.846,-1.709,17.944
-0.895,1.091,0.785,35.706,-6.226,-4.028
-1.207,0.539,0.573,39.063,-16.907,-31.799
-1.463,-0.167,0.349,45.715,-30.396,-67.322
-1.530,-1.077,0.176,60.364,-42.786,-113.281
-1.317,-2.077,0.104,75.500,-55.664,-164.246
-0.914,-2.818,0.162,84.290,-62.012,-199.280
-0.476,-3.234,0.223,84.778,-46.631,-202.026
-0.012,-3.351,0.192,77.576,-8.179,-177.979
0.374,-3.279,0.100,66.833,36.438,-142.761
0.650,-3.076,0.000,57.373,71.411,-106.079
0.890,-2.787,-0.037,48.523,88.013,-69.031
0.980,-2.470,-0.025,33.752,77.087,-37.292
0.927,-2.111,0.036,11.841,39.673,-16.357
0.756,-1.770,0.143,-7.385,-4.150,-4.700
0.523,-1.433,0.257,-18.982,-33.936,9.155
0.209,-1.100,0.395,-24.048,-45.105,26.672
-0.057,-0.805,0.454,-26.733,-42.603,40.466
-0.223,-0.562,0.459,-26.733,-32.776,44.067
-0.322,-0.345,0.446,-24.109,-23.254,41.626
-0.372,-0.222,0.448,-18.188,-13.428,37.842
-0.375,-0.208,0.467,-11.353,-4.333,32.776
-0.348,-0.232,0.500,-5.615,1.587,25.146
-0.276,-0.277,0.521,-1.770,4.639,15.015
-0.168,-0.348,0.522,-0.732,4.211,4.333
-0.069,-0.440,0.531,-0.305,-0.427,-4.211
0.041,-0.541,0.555,1.892,-5.798,-10.254
0.123,-0.651,0.597,4.578,-8.850,-11.780
0.166,-0.731,0.641,5.615,-10.315,-8.240
0.171,-0.772,0.672,5.737,-9.827,-3.540
0.150,-0.755,0.700,5.859,-7.812,1.953
0.129,-0.718,0.705,5.249,-5.737,6.104
0.113,-0.692,0.703,3.906,-4.578,8.606
0.090,-0.669,0.703,3.906,-4.578,10.376
0.071,-0.661,0.714,5.188,-4.883,10.071
0.052,-0.670,0.740,6.348,-5.615,8.850
0.017,-0.679,0.776,6.714,-6.470,7.385
-0.005,-0.681,0.801,6.592,-6.287,5.920
-0.024,-0.669,0.820,5.981,-5.615,4.089
-0.041,-0.641,0.832,4.944,-4.944,2.380
-0.052,-0.615,0.837,3.967,-3.784,0.977
-0.050,-0.604,0.825,3.052,-2.258,-0.854
-0.024,-0.600,0.811,3.601,-0.122,-1.770
-0.017,-0.610,0.822,5.432,3.174,-1.038
-0.015,-0.624,0.831,6.653,6.653,0.488
0.000,-0.646,0.829,6.531,8.972,0.610
0.021,-0.667,0.826,5.615,8.545,-0.854
0.036,-0.680,0.825,4.456,6.409,-3.113
0.051,-0.682,0.825,3.418,3.601,-5.005
0.068,-0.690,0.829,3.052,1.526,-6.409
0.084,-0.701,0.831,1.892,1.404,-6.653
0.094,-0.708,0.832,0.549,2.808,-5.676
0.092,-0.703,0.822,-0.916,4.944,-4.395
0.096,-0.700,0.804,-1.465,7.751,-3.174
0.100,-0.701,0.792,-1.221,9.338,-2.930
0.100,-0.699,0.778,-1.587,8.972,-3.357
0.098,-0.687,0.751,-2.136,6.836,-4.333
0.102,-0.673,0.732,-1.221,3.967,-5.310
0.110,-0.670,0.726,0.549,0.366,-6.226
0.104,-0.670,0.734,1.709,-3.357,-6.470
0.100,-0.675,0.755,1.404,-5.737,-6.165
0.083,-0.672,0.770,-0.061,-7.080,-5.615
0.072,-0.667,0.775,-1.221,-6.958,-4.883
0.064,-0.670,0.775,-1.038,-5.432,-4.517
0.060,-0.667,0.771,0.366,-3.113,-4.456
0.067,-0.666,0.766,1.404,-1.770,-4.639
0.073,-0.666,0.761,1.648,-1.953,-4.700
0.079,-0.675,0.764,1.160,-3.296,-5.005
0.086,-0.684,0.767,-0.366,-5.554,-5.066
0.089,-0.686,0.775,-1.404,-6.897,-4.700
0.086,-0.685,0.782,-1.892,-6.775,-3.845
0.079,-0.677,0.787,-1.892,-5.798,-1.709
0.074,-0.679,0.790,-1.892,-3.662,0.488
0.076,-0.688,0.795,-1.953,-2.014,1.465
0.078,-0.691,0.792,-3.052,-1.526,1.709
0.084,-0.694,0.781,-5.127,-1.953,1.221
0.088,-0.694,0.769,-7.019,-3.906,0.183
0.085,-0.684,0.759,-7.996,-5.615,-0.183
0.088,-0.679,0.752,-8.240,-6.531,-0.488
0.087,-0.677,0.754,-7.935,-7.751,-0.183
0.081,-0.676,0.767,-7.751,-8.850,0.549
0.065,-0.666,0.773,-8.118,-8.789,1.526
0.059,-0.654,0.768,-7.812,-7.080,3.235
0.051,-0.650,0.764,-6.653,-5.676,4.700
0.044,-0.652,0.760,-5.554,-5.066,5.798
0.041,-0.657,0.759,-4.700,-5.737,6.226
0.039,-0.662,0.763,-4.456,-7.263,6.165
0.034,-0.665,0.765,-5.615,-8.972,5.310
0.039,-0.671,0.762,-7.324,-10.376,3.662
0.056,-0.681,0.756,-8.667,-11.292,1.953
0.064,-0.685,0.752,-9.583,-12.268,1.465
0.067,-0.689,0.752,-10.254,-11.963,1.709
0.078,-0.691,0.753,-10.010,-10.864,2.197
0.083,-0.693,0.763,-10.193,-10.376,4.272
0.069,-0.686,0.775,-11.292,-10.193,7.996
0.048,-0.675,0.786,-12.573,-9.705,11.047
0.022,-0.663,0.795,-13.733,-8.850,12.512
0.002,-0.643,0.804,-14.282,-8.057,12.512
-0.014,-0.623,0.806,-14.648,-7.080,12.024
-0.018,-0.618,0.804,-15.137,-6.287,11.292
-0.017,-0.610,0.792,-15.686,-5.981,10.132
-0.014,-0.598,0.782,-15.747,-6.714,8.972
-0.004,-0.602,0.780,-15.320,-7.874,7.507
0.009,-0.607,0.777,-14.099,-8.606,6.226
0.028,-0.620,0.774,-13.184,-8.240,5.432
0.049,-0.637,0.779,-11.658,-7.080,5.737
0.055,-0.667,0.779,-10.559,-5.188,7.629
0.062,-0.685,0.785,-9.644,-3.418,9.583
0.057,-0.683,0.784,-10.437,-2.808,11.719
0.041,-0.658,0.781,-11.658,-3.235,13.184
0.016,-0.615,0.781,-13.123,-4.333,14.038
-0.010,-0.575,0.789,-14.404,-6.226,13.611

